Date,Value
2022-01-01 00:00:00,40.0
2022-01-01 01:00:00,40.01078412687927
2022-01-01 02:00:00,40.041666666666664
2022-01-01 03:00:00,40.08838834764832
2022-01-01 04:00:00,40.144337567297406
2022-01-01 05:00:00,40.20123454714356
2022-01-01 06:00:00,40.25
2022-01-01 07:00:00,40.281728366000976
2022-01-01 08:00:00,40.28867513459481
2022-01-01 09:00:00,40.26516504294496
2022-01-01 10:00:00,40.208333333333336
2022-01-01 11:00:00,40.11862539567199
2022-01-01 12:00:00,40.0
2022-01-01 13:00:00,39.85980635056947
2022-01-01 14:00:00,39.708333333333336
2022-01-01 15:00:00,39.55805826175841
2022-01-01 16:00:00,39.42264973081038
2022-01-01 17:00:00,39.31580253971191
2022-01-01 18:00:00,39.25
2022-01-01 19:00:00,39.23530872085449
2022-01-01 20:00:00,39.278312163512965
2022-01-01 21:00:00,39.38128156646177
2022-01-01 22:00:00,39.541666666666664
2022-01-01 23:00:00,39.75196508177675
2022-01-02 00:00:00,40.0
2022-01-02 01:00:00,40.26960317198179
2022-01-02 02:00:00,40.541666666666664
2022-01-02 03:00:00,40.795495128834865
2022-01-02 04:00:00,41.01036297108185
2022-01-02 05:00:00,41.16716037343262
2022-01-02 06:00:00,41.25
2022-01-02 07:00:00,41.24765419229005
2022-01-02 08:00:00,41.15470053837925
2022-01-02 09:00:00,40.972271824131504
2022-01-02 10:00:00,40.708333333333336
2022-01-02 11:00:00,40.37744444077451
2022-01-02 12:00:00,40.0
2022-01-02 13:00:00,39.60098730546695
2022-01-02 14:00:00,39.208333333333336
2022-01-02 15:00:00,38.850951480571865
2022-01-02 16:00:00,38.556624327025936
2022-01-02 17:00:00,38.349876713422844
2022-01-02 18:00:00,38.25
2022-01-02 19:00:00,38.26938289456542
2022-01-02 20:00:00,38.41228675972853
2022-01-02 21:00:00,38.67417478527523
2022-01-02 22:00:00,39.041666666666664
2022-01-02 23:00:00,39.49314603667423
2022-01-03 00:00:00,40.0
2022-01-03 01:00:00,40.52842221708431
2022-01-03 02:00:00,41.04166666666667
2022-01-03 03:00:00,41.50260191002141
2022-01-03 04:00:00,41.87638837486628
2022-01-03 05:00:00,42.133086199721696
2022-01-03 06:00:00,42.25
2022-01-03 07:00:00,42.213580018579115
2022-01-03 08:00:00,42.02072594216369
2022-01-03 09:00:00,41.67937860531805
2022-01-03 10:00:00,41.208333333333336
2022-01-03 11:00:00,40.63626348587703
2022-01-03 12:00:00,40.00000000000001
2022-01-03 13:00:00,39.34216826036443
2022-01-03 14:00:00,38.708333333333336
2022-01-03 15:00:00,38.14384469938531
2022-01-03 16:00:00,37.6905989232415
2022-01-03 17:00:00,37.38395088713377
2022-01-03 18:00:00,37.25
2022-01-03 19:00:00,37.30345706827635
2022-01-03 20:00:00,37.54626135594409
2022-01-03 21:00:00,37.967068004088674
2022-01-03 22:00:00,38.541666666666664
2022-01-03 23:00:00,39.23432699157171
2022-01-04 00:00:00,40.0
2022-01-04 01:00:00,40.787241262186825
2022-01-04 02:00:00,41.541666666666664
2022-01-04 03:00:00,42.209708691207965
2022-01-04 04:00:00,42.74241377865072
2022-01-04 05:00:00,43.09901202601076
2022-01-04 06:00:00,43.25
2022-01-04 07:00:00,43.17950584486818
2022-01-04 08:00:00,42.88675134594813
2022-01-04 09:00:00,42.3864853865046
2022-01-04 10:00:00,41.70833333333334
2022-01-04 11:00:00,40.89508253097955
2022-01-04 12:00:00,40.0
2022-01-04 13:00:00,39.083349215261904
2022-01-04 14:00:00,38.208333333333336
2022-01-04 15:00:00,37.43673791819877
2022-01-04 16:00:00,36.82457351945706
2022-01-04 17:00:00,36.418025060844705
2022-01-04 18:00:00,36.25
2022-01-04 19:00:00,36.33753124198728
2022-01-04 20:00:00,36.68023595215965
2022-01-04 21:00:00,37.25996122290212
2022-01-04 22:00:00,38.041666666666664
2022-01-04 23:00:00,38.97550794646919
2022-01-05 00:00:00,39.99999999999999
2022-01-05 01:00:00,41.046060307289345
2022-01-05 02:00:00,42.04166666666666
2022-01-05 03:00:00,42.91681547239451
2022-01-05 04:00:00,43.60843918243516
2022-01-05 05:00:00,44.06493785229983
2022-01-05 06:00:00,44.25
2022-01-05 07:00:00,44.145431671157255
2022-01-05 08:00:00,43.75277674973257
2022-01-05 09:00:00,43.09359216769114
2022-01-05 10:00:00,42.208333333333336
2022-01-05 11:00:00,41.153901576082085
2022-01-05 12:00:00,40.00000000000001
2022-01-05 13:00:00,38.8245301701594
2022-01-05 14:00:00,37.70833333333333
2022-01-05 15:00:00,36.72963113701222
2022-01-05 16:00:00,35.95854811567263
2022-01-05 17:00:00,35.45209923455564
2022-01-05 18:00:00,35.25
2022-01-05 19:00:00,35.37160541569822
2022-01-05 20:00:00,35.814210548375215
2022-01-05 21:00:00,36.552854441715574
2022-01-05 22:00:00,37.541666666666664
2022-01-05 23:00:00,38.71668890136665
2022-01-06 00:00:00,39.99999999999998
2022-01-06 01:00:00,41.30487935239188
2022-01-06 02:00:00,42.54166666666666
2022-01-06 03:00:00,43.62392225358104
2022-01-06 04:00:00,44.4744645862196
2022-01-06 05:00:00,45.030863678588894
2022-01-06 06:00:00,45.25
2022-01-06 07:00:00,45.11135749744632
2022-01-06 08:00:00,44.61880215351702
2022-01-06 09:00:00,43.8006989488777
2022-01-06 10:00:00,42.708333333333336
2022-01-06 11:00:00,41.41272062118459
2022-01-06 12:00:00,39.999999999999986
2022-01-06 13:00:00,38.56571112505688
2022-01-06 14:00:00,37.20833333333334
2022-01-06 15:00:00,36.022524355825674
2022-01-06 16:00:00,35.09252271188818
2022-01-06 17:00:00,34.486173408266566
2022-01-06 18:00:00,34.25
2022-01-06 19:00:00,34.40567958940915
2022-01-06 20:00:00,34.948185144590774
2022-01-06 21:00:00,35.84574766052901
2022-01-06 22:00:00,37.04166666666668
2022-01-06 23:00:00,38.45786985626413
2022-01-07 00:00:00,39.99999999999999
2022-01-07 01:00:00,41.5636983974944
2022-01-07 02:00:00,43.041666666666636
2022-01-07 03:00:00,44.33102903476762
2022-01-07 04:00:00,45.34048999000403
2022-01-07 05:00:00,45.99678950487797
2022-01-07 06:00:00,46.25
2022-01-07 07:00:00,46.0772833237354
2022-01-07 08:00:00,45.48482755730146
2022-01-07 09:00:00,44.50780573006425
2022-01-07 10:00:00,43.20833333333334
2022-01-07 11:00:00,41.67153966628711
2022-01-07 12:00:00,40.000000000000036
2022-01-07 13:00:00,38.306892079954366
2022-01-07 14:00:00,36.70833333333334
2022-01-07 15:00:00,35.31541757463913
2022-01-07 16:00:00,34.22649730810374
2022-01-07 17:00:00,33.52024758197751
2022-01-07 18:00:00,33.25
2022-01-07 19:00:00,33.43975376312007
2022-01-07 20:00:00,34.08215974080631
2022-01-07 21:00:00,35.138640879342454
2022-01-07 22:00:00,36.54166666666668
2022-01-07 23:00:00,38.199050811161655
2022-01-08 00:00:00,39.999999999999986
2022-01-08 01:00:00,41.82251744259692
2022-01-08 02:00:00,43.54166666666667
2022-01-08 03:00:00,45.03813581595413
2022-01-08 04:00:00,46.206515393788465
2022-01-08 05:00:00,46.96271533116703
2022-01-08 06:00:00,47.25
2022-01-08 07:00:00,47.04320915002447
2022-01-08 08:00:00,46.3508529610859
2022-01-08 09:00:00,45.214912511250766
2022-01-08 10:00:00,43.70833333333334
2022-01-08 11:00:00,41.93035871138963
2022-01-08 12:00:00,39.999999999999986
2022-01-08 13:00:00,38.04807303485185
2022-01-08 14:00:00,36.20833333333335
2022-01-08 15:00:00,34.60831079345258
2022-01-08 16:00:00,33.360471904319326
2022-01-08 17:00:00,32.55432175568844
2022-01-08 18:00:00,32.25
2022-01-08 19:00:00,32.47382793683102
2022-01-08 20:00:00,33.21613433702189
2022-01-08 21:00:00,34.43153409815594
2022-01-08 22:00:00,36.04166666666668
2022-01-08 23:00:00,37.94023176605908
2022-01-09 00:00:00,39.999999999999986
2022-01-09 01:00:00,42.08133648769943
2022-01-09 02:00:00,44.04166666666662
2022-01-09 03:00:00,45.745242597140674
2022-01-09 04:00:00,47.0725407975729
2022-01-09 05:00:00,47.928641157456084
2022-01-09 06:00:00,48.25
2022-01-09 07:00:00,48.00913497631352
2022-01-09 08:00:00,47.21687836487031
2022-01-09 09:00:00,45.922019292437355
2022-01-09 10:00:00,44.20833333333334
2022-01-09 11:00:00,42.18917775649216
2022-01-09 12:00:00,40.00000000000005
2022-01-09 13:00:00,37.789253989749334
2022-01-09 14:00:00,35.70833333333336
2022-01-09 15:00:00,33.90120401226608
2022-01-09 16:00:00,32.49444650053486
2022-01-09 17:00:00,31.58839592939936
2022-01-09 18:00:00,31.25
2022-01-09 19:00:00,31.507902110541934
2022-01-09 20:00:00,32.35010893323745
2022-01-09 21:00:00,33.7244273169694
2022-01-09 22:00:00,35.54166666666663
2022-01-09 23:00:00,37.68141272095655
2022-01-10 00:00:00,39.99999999999998
2022-01-10 01:00:00,42.34015553280189
2022-01-10 02:00:00,44.541666666666615
2022-01-10 03:00:00,46.45234937832726
2022-01-10 04:00:00,47.93856620135737
2022-01-10 05:00:00,48.894566983745165
2022-01-10 06:00:00,49.25
2022-01-10 07:00:00,48.97506080260259
2022-01-10 08:00:00,48.08290376865478
2022-01-10 09:00:00,46.62912607362391
2022-01-10 10:00:00,44.70833333333334
2022-01-10 11:00:00,42.44799680159474
2022-01-10 12:00:00,40.00000000000006
2022-01-10 13:00:00,37.53043494464682
2022-01-10 14:00:00,35.2083333333333
2022-01-10 15:00:00,33.19409723107949
2022-01-10 16:00:00,31.62842109675043
2022-01-10 17:00:00,30.62247010311029
2022-01-10 18:00:00,30.25
2022-01-10 19:00:00,30.54197628425287
2022-01-10 20:00:00,31.484083529453013
2022-01-10 21:00:00,33.017320535782794
2022-01-10 22:00:00,35.04166666666662
2022-01-10 23:00:00,37.422593675854024
2022-01-11 00:00:00,39.99999999999991
2022-01-11 01:00:00,42.59897457790447
2022-01-11 02:00:00,45.04166666666667
2022-01-11 03:00:00,47.15945615951381
2022-01-11 04:00:00,48.80459160514177
2022-01-11 05:00:00,49.86049281003423
2022-01-11 06:00:00,50.25
2022-01-11 07:00:00,49.94098662889166
2022-01-11 08:00:00,48.94892917243922
2022-01-11 09:00:00,47.336232854810504
2022-01-11 10:00:00,45.20833333333335
2022-01-11 11:00:00,42.70681584669713
2022-01-11 12:00:00,39.99999999999999
2022-01-11 13:00:00,37.27161589954431
2022-01-11 14:00:00,34.7083333333333
2022-01-11 15:00:00,32.48699044989294
2022-01-11 16:00:00,30.762395692966027
2022-01-11 17:00:00,29.656544276821222
2022-01-11 18:00:00,29.25
2022-01-11 19:00:00,29.576050457963778
2022-01-11 20:00:00,30.618058125668576
2022-01-11 21:00:00,32.31021375459624
2022-01-11 22:00:00,34.54166666666668
2022-01-11 23:00:00,37.1637746307515
2022-01-12 00:00:00,40.00000000000005
2022-01-12 01:00:00,42.857793623006984
2022-01-12 02:00:00,45.5416666666666
2022-01-12 03:00:00,47.866562940700355
2022-01-12 04:00:00,49.67061700892621
2022-01-12 05:00:00,50.82641863632328
2022-01-12 06:00:00,51.25
2022-01-12 07:00:00,50.906912455180745
2022-01-12 08:00:00,49.81495457622363
2022-01-12 09:00:00,48.04333963599701
2022-01-12 10:00:00,45.708333333333286
2022-01-12 11:00:00,42.96563489179972
2022-01-12 12:00:00,40.00000000000007
2022-01-12 13:00:00,37.01279685444172
2022-01-12 14:00:00,34.20833333333337
2022-01-12 15:00:00,31.77988366870646
2022-01-12 16:00:00,29.896370289181554
2022-01-12 17:00:00,28.690618450532178
2022-01-12 18:00:00,28.25
2022-01-12 19:00:00,28.61012463167473
2022-01-12 20:00:00,29.752032721884174
2022-01-12 21:00:00,31.603106973409744
2022-01-12 22:00:00,34.04166666666661
2022-01-12 23:00:00,36.904955585649056
2022-01-13 00:00:00,39.999999999999964
2022-01-13 01:00:00,43.11661266810942
2022-01-13 02:00:00,46.041666666666664
2022-01-13 03:00:00,48.573669721886844
2022-01-13 04:00:00,50.536642412710606
2022-01-13 05:00:00,51.79234446261236
2022-01-13 06:00:00,52.25
2022-01-13 07:00:00,51.8728382814698
2022-01-13 08:00:00,50.68097998000811
2022-01-13 09:00:00,48.7504464171835
2022-01-13 10:00:00,46.20833333333336
2022-01-13 11:00:00,43.224453936902336
2022-01-13 12:00:00,39.99999999999999
2022-01-13 13:00:00,36.75397780933928
2022-01-13 14:00:00,33.70833333333345
2022-01-13 15:00:00,31.072776887519858
2022-01-13 16:00:00,29.030344885397163
2022-01-13 17:00:00,27.72469262424309
2022-01-13 18:00:00,27.25
2022-01-13 19:00:00,27.64419880538568
2022-01-13 20:00:00,28.886007318099693
2022-01-13 21:00:00,30.89600019222313
2022-01-13 22:00:00,33.54166666666668
2022-01-13 23:00:00,36.64613654054644
2022-01-14 00:00:00,39.999999999999865
2022-01-14 01:00:00,43.37543171321202
2022-01-14 02:00:00,46.541666666666586
2022-01-14 03:00:00,49.28077650307345
2022-01-14 04:00:00,51.40266781649508
2022-01-14 05:00:00,52.75827028890146
2022-01-14 06:00:00,53.25
2022-01-14 07:00:00,52.83876410775889
2022-01-14 08:00:00,51.54700538379251
2022-01-14 09:00:00,49.457553198370114
2022-01-14 10:00:00,46.70833333333344
2022-01-14 11:00:00,43.48327298200478
2022-01-14 12:00:00,40.00000000000009
2022-01-14 13:00:00,36.49515876423686
2022-01-14 14:00:00,33.20833333333338
2022-01-14 15:00:00,30.365670106333248
2022-01-14 16:00:00,28.164319481612775
2022-01-14 17:00:00,26.758766797954046
2022-01-14 18:00:00,26.25
2022-01-14 19:00:00,26.67827297909659
2022-01-14 20:00:00,28.0199819143153
2022-01-14 21:00:00,30.188893411036645
2022-01-14 22:00:00,33.041666666666764
2022-01-14 23:00:00,36.38731749544382
2022-01-15 00:00:00,39.99999999999995
2022-01-15 01:00:00,43.63425075831444
2022-01-15 02:00:00,47.04166666666666
2022-01-15 03:00:00,49.98788328425992
2022-01-15 04:00:00,52.268693220279566
2022-01-15 05:00:00,53.72419611519045
2022-01-15 06:00:00,54.25
2022-01-15 07:00:00,53.804689934047936
2022-01-15 08:00:00,52.413030787577
2022-01-15 09:00:00,50.164659979556596
2022-01-15 10:00:00,47.20833333333337
2022-01-15 11:00:00,43.7420920271072
2022-01-15 12:00:00,40.000000000000206
2022-01-15 13:00:00,36.23633971913426
2022-01-15 14:00:00,32.70833333333348
2022-01-15 15:00:00,29.65856332514677
2022-01-15 16:00:00,27.298294077828295
2022-01-15 17:00:00,25.79284097166495
2022-01-15 18:00:00,25.25
2022-01-15 19:00:00,25.71234715280749
2022-01-15 20:00:00,27.15395651053081
2022-01-15 21:00:00,29.48178662985002
2022-01-15 22:00:00,32.54166666666667
2022-01-15 23:00:00,36.12849845034138
2022-01-16 00:00:00,40.00000000000005
2022-01-16 01:00:00,43.89306980341684
2022-01-16 02:00:00,47.541666666666565
2022-01-16 03:00:00,50.69499006544654
2022-01-16 04:00:00,53.13471862406395
2022-01-16 05:00:00,54.690121941479596
2022-01-16 06:00:00,55.25
2022-01-16 07:00:00,54.77061576033697
2022-01-16 08:00:00,53.27905619136149
2022-01-16 09:00:00,50.87176676074322
2022-01-16 10:00:00,47.70833333333347
2022-01-16 11:00:00,44.000911072209824
2022-01-16 12:00:00,40.000000000000114
2022-01-16 13:00:00,35.97752067403164
2022-01-16 14:00:00,32.2083333333332
2022-01-16 15:00:00,28.951456543960305
2022-01-16 16:00:00,26.432268674043804
2022-01-16 17:00:00,24.826915145375914
2022-01-16 18:00:00,24.25
2022-01-16 19:00:00,24.746421326518448
2022-01-16 20:00:00,26.28793110674642
2022-01-16 21:00:00,28.774679848663382
2022-01-16 22:00:00,32.04166666666657
2022-01-16 23:00:00,35.86967940523875
2022-01-17 00:00:00,39.999999999999936
2022-01-17 01:00:00,44.151888848519675
2022-01-17 02:00:00,48.04166666666665
2022-01-17 03:00:00,51.402096846633164
2022-01-17 04:00:00,54.00074402784833
2022-01-17 05:00:00,55.656047767768634
2022-01-17 06:00:00,56.25
2022-01-17 07:00:00,55.736541586626075
2022-01-17 08:00:00,54.14508159514588
2022-01-17 09:00:00,51.57887354192969
2022-01-17 10:00:00,48.208333333333584
2022-01-17 11:00:00,44.259730117312465
2022-01-17 12:00:00,40.00000000000001
2022-01-17 13:00:00,35.71870162892923
2022-01-17 14:00:00,31.7083333333333
2022-01-17 15:00:00,28.244349762773687
2022-01-17 16:00:00,25.56624327025931
2022-01-17 17:00:00,23.86098931908688
2022-01-17 18:00:00,23.25
2022-01-17 19:00:00,23.780495500229343
2022-01-17 20:00:00,25.421905702961926
2022-01-17 21:00:00,28.067573067476907
2022-01-17 22:00:00,31.541666666666664
2022-01-17 23:00:00,35.610860360136556
2022-01-18 00:00:00,39.99999999999981
2022-01-18 01:00:00,44.41070789362208
2022-01-18 02:00:00,48.54166666666654
2022-01-18 03:00:00,52.109203627819625
2022-01-18 04:00:00,54.86676943163282
2022-01-18 05:00:00,56.62197359405773
2022-01-18 06:00:00,57.25
2022-01-18 07:00:00,56.702467412915176
2022-01-18 08:00:00,55.011106998930266
2022-01-18 09:00:00,52.28598032311633
2022-01-18 10:00:00,48.708333333333286
2022-01-18 11:00:00,44.51854916241488
2022-01-18 12:00:00,39.999999999999886
2022-01-18 13:00:00,35.45988258382684
2022-01-18 14:00:00,31.208333333333407
2022-01-18 15:00:00,27.53724298158723
2022-01-18 16:00:00,24.700217866474933
2022-01-18 17:00:00,22.895063492797785
2022-01-18 18:00:00,22.25
2022-01-18 19:00:00,22.81456967394037
2022-01-18 20:00:00,24.555880299177417
2022-01-18 21:00:00,27.36046628629044
2022-01-18 22:00:00,31.04166666666655
2022-01-18 23:00:00,35.35204131503392
2022-01-19 00:00:00,39.99999999999992
2022-01-19 01:00:00,44.669526938724715
2022-01-19 02:00:00,49.04166666666642
2022-01-19 03:00:00,52.81631040900608
2022-01-19 04:00:00,55.73279483541719
2022-01-19 05:00:00,57.587899420346766
2022-01-19 06:00:00,58.25
2022-01-19 07:00:00,57.668393239204214
2022-01-19 08:00:00,55.877132402714636
2022-01-19 09:00:00,52.99308710430297
2022-01-19 10:00:00,49.2083333333334
2022-01-19 11:00:00,44.77736820751753
2022-01-19 12:00:00,40.00000000000002
2022-01-19 13:00:00,35.20106353872421
2022-01-19 14:00:00,30.708333333333304
2022-01-19 15:00:00,26.830136200400787
2022-01-19 16:00:00,23.834192462690563
2022-01-19 17:00:00,21.929137666508687
2022-01-19 18:00:00,21.25
2022-01-19 19:00:00,21.848643847651267
2022-01-19 20:00:00,23.68985489539304
2022-01-19 21:00:00,26.653359505103985
2022-01-19 22:00:00,30.541666666666423
2022-01-19 23:00:00,35.09322226993127
2022-01-20 00:00:00,39.99999999999978
2022-01-20 01:00:00,44.92834598382711
2022-01-20 02:00:00,49.54166666666652
2022-01-20 03:00:00,53.52341719019272
2022-01-20 04:00:00,56.59882023920182
2022-01-20 05:00:00,58.553825246635796
2022-01-20 06:00:00,59.25
2022-01-20 07:00:00,58.634319065493315
2022-01-20 08:00:00,56.74315780649914
2022-01-20 09:00:00,53.70019388548943
2022-01-20 10:00:00,49.708333333333286
2022-01-20 11:00:00,45.0361872526202
2022-01-20 12:00:00,40.00000000000016
2022-01-20 13:00:00,34.942244493621835
2022-01-20 14:00:00,30.208333333333425
2022-01-20 15:00:00,26.12302941921396
2022-01-20 16:00:00,22.968167058906065
2022-01-20 17:00:00,20.963211840219582
2022-01-20 18:00:00,20.25
2022-01-20 19:00:00,20.882718021362162
2022-01-20 20:00:00,22.823829491608528
2022-01-20 21:00:00,25.946252723917336
2022-01-20 22:00:00,30.04166666666653
2022-01-20 23:00:00,34.83440322482887
2022-01-21 00:00:00,39.999999999999616
2022-01-21 01:00:00,45.187165028929485
2022-01-21 02:00:00,50.04166666666663
2022-01-21 03:00:00,54.23052397137916
2022-01-21 04:00:00,57.46484564298619
2022-01-21 05:00:00,59.5197510729249
2022-01-21 06:00:00,60.25
2022-01-21 07:00:00,59.600244891782424
2022-01-21 08:00:00,57.60918321028366
2022-01-21 09:00:00,54.40730066667609
2022-01-21 10:00:00,50.208333333333414
2022-01-21 11:00:00,45.295006297722324
2022-01-21 12:00:00,40.00000000000032
2022-01-21 13:00:00,34.683425448519195
2022-01-21 14:00:00,29.708333333333307
2022-01-21 15:00:00,25.41592263802731
2022-01-21 16:00:00,22.102141655121702
2022-01-21 17:00:00,19.99728601393055
2022-01-21 18:00:00,19.25
2022-01-21 19:00:00,19.916792195073054
2022-01-21 20:00:00,21.957804087824154
2022-01-21 21:00:00,25.23914594273089
2022-01-21 22:00:00,29.541666666666906
2022-01-21 23:00:00,34.57558417972621
2022-01-22 00:00:00,40.00000000000004
2022-01-22 01:00:00,45.44598407403184
2022-01-22 02:00:00,50.541666666666494
2022-01-22 03:00:00,54.93763075256581
2022-01-22 04:00:00,58.3308710467707
2022-01-22 05:00:00,60.48567689921393
2022-01-22 06:00:00,61.25
2022-01-22 07:00:00,60.56617071807155
2022-01-22 08:00:00,58.47520861406818
2022-01-22 09:00:00,55.11440744786255
2022-01-22 10:00:00,50.708333333333286
2022-01-22 11:00:00,45.553825342824695
2022-01-22 12:00:00,40.00000000000019
2022-01-22 13:00:00,34.42460640341653
2022-01-22 14:00:00,29.208333333333712
2022-01-22 15:00:00,24.708815856841085
2022-01-22 16:00:00,21.236116251337194
2022-01-22 17:00:00,19.031360187641447
2022-01-22 18:00:00,18.25
2022-01-22 19:00:00,18.95086636878402
2022-01-22 20:00:00,21.09177868403979
2022-01-22 21:00:00,24.532039161544013
2022-01-22 22:00:00,29.041666666666508
2022-01-22 23:00:00,34.31676513462382
2022-01-23 00:00:00,40.00000000000019
2022-01-23 01:00:00,45.704803119134496
2022-01-23 02:00:00,51.04166666666662
2022-01-23 03:00:00,55.644737533752014
2022-01-23 04:00:00,59.1968964505549
2022-01-23 05:00:00,61.45160272550303
2022-01-23 06:00:00,62.25
2022-01-23 07:00:00,61.532096544360414
2022-01-23 08:00:00,59.34123401785255
2022-01-23 09:00:00,55.82151422904899
2022-01-23 10:00:00,51.208333333333705
2022-01-23 11:00:00,45.812644387927676
2022-01-23 12:00:00,40.00000000000004
2022-01-23 13:00:00,34.165787358313864
2022-01-23 14:00:00,28.70833333333359
2022-01-23 15:00:00,24.00170907565444
2022-01-23 16:00:00,20.370090847552678
2022-01-23 17:00:00,18.0654343613525
2022-01-23 18:00:00,17.25
2022-01-23 19:00:00,17.984940542494993
2022-01-23 20:00:00,20.225753280255432
2022-01-23 21:00:00,23.824932380357563
2022-01-23 22:00:00,28.541666666666636
2022-01-23 23:00:00,34.057946089520826
2022-01-24 00:00:00,39.99999999999971
2022-01-24 01:00:00,45.96362216423716
2022-01-24 02:00:00,51.54166666666676
2022-01-24 03:00:00,56.35184431493912
2022-01-24 04:00:00,60.06292185433942
2022-01-24 05:00:00,62.41752855179213
2022-01-24 06:00:00,63.25
2022-01-24 07:00:00,62.49802237064961
2022-01-24 08:00:00,60.20725942163691
2022-01-24 09:00:00,56.528621010235426
2022-01-24 10:00:00,51.708333333333584
2022-01-24 11:00:00,46.07146343303005
2022-01-24 12:00:00,40.000000000000554
2022-01-24 13:00:00,33.906968313211834
2022-01-24 14:00:00,28.208333333333464
2022-01-24 15:00:00,23.29460229446778
2022-01-24 16:00:00,19.504065443768155
2022-01-24 17:00:00,17.099508535063396
2022-01-24 18:00:00,16.25
2022-01-24 19:00:00,17.019014716205792
2022-01-24 20:00:00,19.359727876470743
2022-01-24 21:00:00,23.117825599171123
2022-01-24 22:00:00,28.041666666666778
2022-01-24 23:00:00,33.79912704441844
2022-01-25 00:00:00,39.99999999999986
2022-01-25 01:00:00,46.222441209339834
2022-01-25 02:00:00,52.04166666666631
2022-01-25 03:00:00,57.05895109612531
2022-01-25 04:00:00,60.928947258123934
2022-01-25 05:00:00,63.38345437808125
2022-01-25 06:00:00,64.25
2022-01-25 07:00:00,63.46394819693863
2022-01-25 08:00:00,61.07328482542161
2022-01-25 09:00:00,57.235727791422335
2022-01-25 10:00:00,52.20833333333345
2022-01-25 11:00:00,46.33028247813241
2022-01-25 12:00:00,39.99999999999971
2022-01-25 13:00:00,33.64814926810916
2022-01-25 14:00:00,27.70833333333332
2022-01-25 15:00:00,22.587495513281606
2022-01-25 16:00:00,18.638040039983977
2022-01-25 17:00:00,16.133582708774284
2022-01-25 18:00:00,15.25
2022-01-25 19:00:00,16.05308888991676
2022-01-25 20:00:00,18.493702472686383
2022-01-25 21:00:00,22.410718817984197
2022-01-25 22:00:00,27.541666666666316
2022-01-25 23:00:00,33.54030799931607
2022-01-26 00:00:00,40.00000000000002
2022-01-26 01:00:00,46.481260254442525
2022-01-26 02:00:00,52.541666666666444
2022-01-26 03:00:00,57.76605787731198
2022-01-26 04:00:00,61.794972661908105
2022-01-26 05:00:00,64.34938020437018
2022-01-26 06:00:00,65.25
2022-01-26 07:00:00,64.42987402322765
2022-01-26 08:00:00,61.93931022920597
2022-01-26 09:00:00,57.942834572608774
2022-01-26 10:00:00,52.7083333333333
2022-01-26 11:00:00,46.589101523235456
2022-01-26 12:00:00,40.00000000000025
2022-01-26 13:00:00,33.38933022300648
2022-01-26 14:00:00,27.208333333333172
2022-01-26 15:00:00,21.880388732094946
2022-01-26 16:00:00,17.772014636199458
2022-01-26 17:00:00,15.167656882485364
2022-01-26 18:00:00,14.25
2022-01-26 19:00:00,15.087163063627735
2022-01-26 20:00:00,17.627677068902027
2022-01-26 21:00:00,21.703612036798273
2022-01-26 22:00:00,27.04166666666646
2022-01-26 23:00:00,33.281488954213714
2022-01-27 00:00:00,39.99999999999947
2022-01-27 01:00:00,46.74007929954451
2022-01-27 02:00:00,53.041666666666586
2022-01-27 03:00:00,58.473164658498646
2022-01-27 04:00:00,62.660998065692624
2022-01-27 05:00:00,65.31530603065929
2022-01-27 06:00:00,66.25
2022-01-27 07:00:00,65.39579984951688
2022-01-27 08:00:00,62.805335632990335
2022-01-27 09:00:00,58.6499413537952
2022-01-27 10:00:00,53.208333333333144
2022-01-27 11:00:00,46.84792056833782
2022-01-27 12:00:00,40.00000000000008
2022-01-27 13:00:00,33.13051117790451
2022-01-27 14:00:00,26.708333333333663
2022-01-27 15:00:00,21.173281950908276
2022-01-27 16:00:00,16.905989232414928
2022-01-27 17:00:00,14.201731056196056
2022-01-27 18:00:00,13.25
2022-01-27 19:00:00,14.121237237338715
2022-01-27 20:00:00,16.7616516651173
2022-01-27 21:00:00,20.996505255611325
2022-01-27 22:00:00,26.541666666666607
2022-01-27 23:00:00,33.02266990911137
2022-01-28 00:00:00,39.99999999999963
2022-01-28 01:00:00,46.9988983446472
2022-01-28 02:00:00,53.54166666666608
2022-01-28 03:00:00,59.18027143968479
2022-01-28 04:00:00,63.52702346947714
2022-01-28 05:00:00,66.28123185694841
2022-01-28 06:00:00,67.25
2022-01-28 07:00:00,66.3617256758059
2022-01-28 08:00:00,63.67136103677507
2022-01-28 09:00:00,59.35704813498161
2022-01-28 10:00:00,53.70833333333365
2022-01-28 11:00:00,47.10673961344017
2022-01-28 12:00:00,40.000000000000675
2022-01-28 13:00:00,32.87169213280107
2022-01-28 14:00:00,26.20833333333351
2022-01-28 15:00:00,20.466175169722156
2022-01-28 16:00:00,16.03996382863039
2022-01-28 17:00:00,13.23580522990714
2022-01-28 18:00:00,12.25
2022-01-28 19:00:00,13.155311411049492
2022-01-28 20:00:00,15.895626261333344
2022-01-28 21:00:00,20.289398474424907
2022-01-28 22:00:00,26.04166666666609
2022-01-28 23:00:00,32.763850864008276
2022-01-29 00:00:00,39.99999999999981
2022-01-29 01:00:00,47.2577173897499
2022-01-29 02:00:00,54.041666666666224
2022-01-29 03:00:00,59.88737822087202
2022-01-29 04:00:00,64.39304887326168
2022-01-29 05:00:00,67.24715768323732
2022-01-29 06:00:00,68.25
2022-01-29 07:00:00,67.32765150209491
2022-01-29 08:00:00,64.53738644055902
2022-01-29 09:00:00,60.06415491616859
2022-01-29 10:00:00,54.20833333333419
2022-01-29 11:00:00,47.36555865854251
2022-01-29 12:00:00,40.000000000000504
2022-01-29 13:00:00,32.612873087699136
2022-01-29 14:00:00,25.708333333333346
2022-01-29 15:00:00,19.759068388534914
2022-01-29 16:00:00,15.173938424846263
2022-01-29 17:00:00,12.269879403618233
2022-01-29 18:00:00,11.25
2022-01-29 19:00:00,12.189385584760469
2022-01-29 20:00:00,15.029600857548601
2022-01-29 21:00:00,19.582291693237917
2022-01-29 22:00:00,25.54166666666695
2022-01-29 23:00:00,32.50503181890593
2022-01-30 00:00:00,39.999999999999176
2022-01-30 01:00:00,47.51653643485262
2022-01-30 02:00:00,54.54166666666638
2022-01-30 03:00:00,60.59448500205814
2022-01-30 04:00:00,65.2590742770458
2022-01-30 05:00:00,68.21308350952665
2022-01-30 06:00:00,69.25
2022-01-30 07:00:00,68.29357732838415
2022-01-30 08:00:00,65.40341184434378
2022-01-30 09:00:00,60.771261697355
2022-01-30 10:00:00,54.70833333333332
2022-01-30 11:00:00,47.62437770364564
2022-01-30 12:00:00,39.99999999999948
2022-01-30 13:00:00,32.35405404259643
2022-01-30 14:00:00,25.208333333333897
2022-01-30 15:00:00,19.05196160734881
2022-01-30 16:00:00,14.307913021061726
2022-01-30 17:00:00,11.303953577328905
2022-01-30 18:00:00,10.25
2022-01-30 19:00:00,11.223459758471666
2022-01-30 20:00:00,14.163575453764263
2022-01-30 21:00:00,18.875184912051495
2022-01-30 22:00:00,25.0416666666664
2022-01-30 23:00:00,32.2462127738036
2022-01-31 00:00:00,40.000000000000206
